{"nm":"_iconExplore","h":28,"w":28,"meta":{"g":"@lottiefiles/toolkit-js 0.65.0","tc":"#ffffff"},"layers":[{"ty":4,"nm":"Magnifying Glass","sr":1,"st":0,"op":25,"ip":0,"ln":"1546","hasMask":false,"ao":0,"ks":{"a":{"a":0,"k":[5.771,22.277,0]},"s":{"a":0,"k":[100,100,100]},"p":{"a":0,"k":[5.771,22.277,0]},"r":{"a":1,"k":[{"o":{"x":0.167,"y":0},"i":{"x":0.667,"y":1},"s":[0],"t":0},{"o":{"x":0.333,"y":0},"i":{"x":0.667,"y":1},"s":[0],"t":1},{"o":{"x":0.333,"y":0},"i":{"x":0.667,"y":1},"s":[10],"t":4},{"o":{"x":0.333,"y":0},"i":{"x":0.667,"y":1},"s":[-8],"t":11},{"o":{"x":0.333,"y":0},"i":{"x":0.667,"y":1},"s":[5],"t":19},{"s":[0],"t":24}]},"sa":{"a":0,"k":0},"o":{"a":0,"k":100}},"shapes":[{"ty":"gr","nm":"Group 1","it":[{"ty":"sh","nm":"Inner","d":1,"ks":{"a":1,"k":[{"o":{"x":0.88,"y":0},"i":{"x":0.12,"y":1},"s":[{"c":true,"i":[[2.667,-2.667],[-2.667,-2.667],[-2.667,2.667],[2.667,2.666]],"o":[[-2.667,2.666],[2.667,2.667],[2.667,-2.667],[-2.667,-2.667]],"v":[[-3.385,-6.267],[-3.385,3.391],[6.274,3.391],[6.274,-6.267]]}],"t":0},{"o":{"x":0.88,"y":0},"i":{"x":0.12,"y":1},"s":[{"c":true,"i":[[2.667,-2.667],[-2.667,-2.667],[-2.667,2.667],[2.667,2.666]],"o":[[-2.667,2.666],[2.667,2.667],[2.667,-2.667],[-2.667,-2.667]],"v":[[-3.385,-6.267],[-3.385,3.391],[6.274,3.391],[6.274,-6.267]]}],"t":1},{"o":{"x":0.88,"y":0},"i":{"x":0.12,"y":1},"s":[{"c":true,"i":[[2.245,-2.244],[-2.244,-2.245],[-2.244,2.245],[2.244,2.245]],"o":[[-2.244,2.245],[2.245,2.244],[2.245,-2.244],[-2.245,-2.244]],"v":[[-2.62,-5.503],[-2.62,2.626],[5.462,2.579],[5.509,-5.503]]}],"t":4},{"o":{"x":0.88,"y":0},"i":{"x":0.12,"y":1},"s":[{"c":true,"i":[[2.667,-2.667],[-2.667,-2.667],[-2.667,2.667],[2.667,2.666]],"o":[[-2.667,2.666],[2.667,2.667],[2.667,-2.667],[-2.667,-2.667]],"v":[[-3.385,-6.267],[-3.385,3.391],[6.274,3.391],[6.274,-6.267]]}],"t":11},{"o":{"x":0.88,"y":0},"i":{"x":0.12,"y":1},"s":[{"c":true,"i":[[2.245,-2.244],[-2.244,-2.245],[-2.244,2.245],[2.244,2.245]],"o":[[-2.244,2.245],[2.245,2.244],[2.245,-2.244],[-2.245,-2.244]],"v":[[-2.62,-5.503],[-2.62,2.626],[5.462,2.579],[5.509,-5.503]]}],"t":19},{"s":[{"c":true,"i":[[2.667,-2.667],[-2.667,-2.667],[-2.667,2.667],[2.667,2.666]],"o":[[-2.667,2.666],[2.667,2.667],[2.667,-2.667],[-2.667,-2.667]],"v":[[-3.385,-6.267],[-3.385,3.391],[6.274,3.391],[6.274,-6.267]]}],"t":24}]}},{"ty":"sh","nm":"Outer","d":1,"ks":{"a":0,"k":{"c":true,"i":[[-3.835,-3.833],[3.833,-3.832],[3.841,2.829],[0,0],[0.583,0.582],[-0.584,0.583],[0,0],[-3.472,3.472]],"o":[[3.833,3.834],[-3.478,3.477],[0,0],[-0.584,0.582],[-0.584,-0.583],[0,0],[-2.818,-3.841],[3.832,-3.833]],"v":[[8.386,-8.379],[8.386,5.502],[-4.367,6.474],[-9.524,11.63],[-11.635,11.63],[-11.635,9.518],[-6.477,4.36],[-5.496,-8.379]]}}},{"ty":"fl","nm":"Fill 1","c":{"a":1,"k":[{"o":{"x":0.167,"y":0.167},"i":{"x":0.833,"y":0.833},"s":[0,1,0],"t":1},{"s":[1,0,0],"t":2}]},"r":1,"o":{"a":0,"k":100}},{"ty":"tr","a":{"a":0,"k":[0,0]},"s":{"a":0,"k":[100,100]},"p":{"a":0,"k":[14.406,13.594]},"r":{"a":0,"k":0},"sa":{"a":0,"k":0},"o":{"a":0,"k":100}}]}],"ind":1}],"v":"5.7.0","fr":60,"op":25,"ip":1,"assets":[]}