jun21_mac_safari,1341
mb721,2531
mb730,2653
safarijul1,2037
mb734,2669
joey,308
mb740,2747
mb759,2923
jun25chrome,1350
mb70,708
mb761,3178
mb787,3554
mb790,3690
DWIGHTDWIGHTDWIT,4349
safarijune27,1420
ray95,4817
fox2707,1459
mb400,2117
ray99,4839
chrmjun27,1401
juuy,2210
chrmjul1,1759
m1,5418
ray149,6489
mb251,2416
joeylee0925001,2443
mb703,2501
ray,276
Tables,1554263630
222chrome,14558
milind,21851
ra813,22228
m124,163353
m500,245809
m502,251606
ray65,464032
isaactest,545256